2026-01-23T04:31:24.198Z	[Request interrupted by user for tool use]
2026-01-23T05:18:49.020Z	[Request interrupted by user for tool use]
2026-01-23T06:44:16.177Z	[Request interrupted by user for tool use]
2026-01-24T13:47:05.437Z	[Request interrupted by user]
2026-01-24T14:53:46.530Z	[Request interrupted by user]
2026-01-24T21:15:50.138Z	[Request interrupted by user]
2026-01-24T21:16:24.069Z	[Request interrupted by user]
2026-01-24T21:46:15.952Z	[Request interrupted by user]
2026-01-24T21:55:10.091Z	[Request interrupted by user for tool use]
2026-01-25T14:33:16.178Z	[Request interrupted by user]
2026-01-25T15:36:52.418Z	[Request interrupted by user for tool use]
2026-01-25T19:57:48.972Z	[Request interrupted by user]
2026-01-26T20:05:35.878Z	[Request interrupted by user for tool use]
2026-01-26T20:18:49.399Z	[Request interrupted by user for tool use]
2026-01-26T20:30:39.569Z	[Request interrupted by user]
2026-01-26T20:34:59.107Z	[Request interrupted by user]
2026-01-27T01:31:21.666Z	[Request interrupted by user for tool use]
